alabama-am.svg,AAMU.svg
abilene-christian.svg,AC.svg
air-force.svg,AFA.svg
akron.svg,AKR.svg
alabama.svg,ALA.svg
albany.svg,ALBY.svg
alabama-state.svg,ALST.svg
texas-am-cc.svg,AMCC.svg
american-university.svg,AMER.svg
appalachian-state.svg,APP.svg
arizona.svg,ARIZ.svg
arkansas.svg,ARK.svg
army.svg,ARMY.svg
arkansas-state.svg,ARST.svg
arizona-state.svg,ASU.svg
auburn.svg,AUB.svg
ball-state.svg,BALL.svg
baylor.svg,BAY.svg
boston-college.svg,BC.svg
belmont.svg,BEL.svg
bowling-green.svg,BGSU.svg
binghamton.svg,BING.svg
bradley.svg,BRAD.svg
brown.svg,BRWN.svg
bryant-university.svg,BRY.svg
boise-state.svg,BSU.svg
boston-university.svg,BU.svg
bucknell.svg,BUCK.svg
buffalo.svg,BUFF.svg
butler.svg,BUT.svg
byu.svg,BYU.svg
california.svg,CAL.svg
campbell.svg,CAMP.svg
canisius.svg,CAN.svg
california-baptist.svg,CBU.svg
coastal-carolina.svg,CCAR.svg
central-connecticut-state.svg,CCSU.svg
charlotte.svg,CHAR.svg
chattanooga.svg,CHAT.svg
chicago-state.svg,CHS.svg
cincinnati.svg,CIN.svg
citadel.svg,CIT.svg
clemson.svg,CLEM.svg
cleveland-state.svg,CLEV.svg
columbia.svg,CLMB.svg
central-michigan.svg,CMU.svg
charleston.svg,COFC.svg
colgate.svg,COLG.svg
colorado.svg,COLO.svg
connecticut.svg,CONN.svg
bethune-cookman.svg,COOK.svg
coppin-state.svg,COPP.svg
cornell.svg,COR.svg
cal-poly.svg,CP.svg
creighton.svg,CREI.svg
cal-state-bakersfield.svg,CSB.svg
cal-state-fullerton.svg,CSF.svg
cal-state-northridge.svg,CSN.svg
colorado-state.svg,CSU.svg
dartmouth.svg,DART.svg
davidson.svg,DAV.svg
dayton.svg,DAY.svg
delaware.svg,DEL.svg
denver.svg,DEN.svg
depaul.svg,DEP.svg
detroit-mercy.svg,DET.svg
drexel.svg,DREX.svg
drake.svg,DRKE.svg
delaware-state.svg,DSU.svg
duke.svg,DUKE.svg
duquesne.svg,DUQ.svg
east-carolina.svg,ECU.svg
eastern-illinois.svg,EIU.svg
elon.svg,ELON.svg
eastern-michigan.svg,EMU.svg
east-tennessee-state.svg,ETSU.svg
evansville.svg,EVAN.svg
eastern-washington.svg,EWU.svg
fairfield.svg,FAIR.svg
florida-am.svg,FAMU.svg
florida-atlantic.svg,FAU.svg
fairleigh-dickinson.svg,FDU.svg
florida-gulf-coast.svg,FGCU.svg
florida-international.svg,FIU.svg
florida.svg,FLA.svg
fordham.svg,FOR.svg
fresno-state.svg,FRES.svg
florida-state.svg,FSU.svg
furman.svg,FUR.svg
georgia-southern.svg,GASO.svg
georgia-state.svg,GAST.svg
grand-canyon.svg,GC.svg
george-mason.svg,GMU.svg
gonzaga.svg,GONZ.svg
georgia-tech.svg,GT.svg
georgetown.svg,GTWN.svg
george-washington.svg,GW.svg
seton-hall.svg,HALL.svg
hampton.svg,HAMP.svg
hartford.svg,HART.svg
harvard.svg,HARV.svg
hawaii.svg,HAW.svg
houston-baptist.svg,HBU.svg
holy-cross.svg,HC.svg
hofstra.svg,HOF.svg
houston.svg,HOU.svg
howard.svg,HOW.svg
high-point.svg,HP.svg
idaho.svg,IDHO.svg
idaho-state.svg,IDST.svg
illinois.svg,ILL.svg
illinois-state.svg,ILST.svg
indiana.svg,IND.svg
indiana-state.svg,INST.svg
iona.svg,IONA.svg
iowa.svg,IOWA.svg
iowa-state.svg,ISU.svg
iupui.svg,IUPU.svg
incarnate-word.svg,IW.svg
jacksonville.svg,JAC.svg
jackson-state.svg,JKST.svg
james-madison.svg,JMU.svg
saint-joseph's-(pa).svg,JOES.svg
jacksonville-state.svg,JVST.svg
kennesaw-state.svg,KENN.svg
kent-state.svg,KENT.svg
kansas-state.svg,KSU.svg
kansas.svg,KU.svg
loyola-chicago.svg,L-IL.svg
loyola-(md).svg,L-MD.svg
lafayette.svg,LAF.svg
lamar.svg,LAM.svg
la-salle.svg,LAS.svg
long-beach-state.svg,LBSU.svg
lehigh.svg,LEH.svg
liberty.svg,LIB.svg
loyola-marymount.svg,LMU.svg
longwood.svg,LONG.svg
louisville.svg,LOU.svg
lsu.svg,LSU.svg
louisiana-tech.svg,LT.svg
miami-(oh).svg,M-OH.svg
manhattan.svg,MAN.svg
marquette.svg,MARQ.svg
massachusetts.svg,MASS.svg
mcneese-state.svg,MCNS.svg
maryland.svg,MD.svg
maine.svg,ME.svg
memphis.svg,MEM.svg
mercer.svg,MER.svg
miami-(fl).svg,MIA.svg
michigan.svg,MICH.svg
minnesota.svg,MINN.svg
ole-miss.svg,MISS.svg
missouri.svg,MIZZ.svg
monmouth.svg,MONM.svg
montana.svg,MONT.svg
morehead-state.svg,MORE.svg
morgan-state.svg,MORG.svg
missouri-state.svg,MOSU.svg
merrimack.svg,MRMK.svg
marshall.svg,MRSH.svg
marist.svg,MRST.svg
mount-st.-mary's.svg,MSM.svg
mississippi-state.svg,MSST.svg
michigan-state.svg,MSU.svg
montana-state.svg,MTST.svg
middle-tennessee.svg,MTU.svg
murray-state.svg,MURR.svg
mississippi-valley-state.svg,MVSU.svg
northern-arizona.svg,NAU.svg
navy.svg,NAVY.svg
north-carolina-at.svg,NCAT.svg
north-carolina-state.svg,NCST.svg
notre-dame.svg,ND.svg
north-dakota-state.svg,NDSU.svg
northeastern.svg,NE.svg
nebraska.svg,NEB.svg
nebraska-omaha.svg,NEOM.svg
nevada.svg,NEV.svg
niagara.svg,NIAG.svg
northern-illinois.svg,NIU.svg
n.j.i.t..svg,NJIT.svg
northern-kentucky.svg,NKU.svg
new-mexico-state.svg,NMSU.svg
norfolk-state.svg,NORF.svg
northwestern.svg,NW.svg
northwestern-state.svg,NWST.svg
oakland.svg,OAK.svg
old-dominion.svg,ODU.svg
ohio.svg,OHIO.svg
oklahoma.svg,OKLA.svg
oklahoma-state.svg,OKST.svg
oregon.svg,ORE.svg
oregon-state.svg,ORST.svg
oral-roberts.svg,ORU.svg
ohio-state.svg,OSU.svg
pacific.svg,PAC.svg
pennsylvania.svg,PENN.svg
pepperdine.svg,PEPP.svg
purdue-fort-wayne.svg,PFW.svg
pittsburgh.svg,PITT.svg
portland.svg,PORT.svg
princeton.svg,PRIN.svg
providence.svg,PROV.svg
portland-state.svg,PRST.svg
penn-state.svg,PSU.svg
purdue.svg,PUR.svg
quinnipiac.svg,QUIN.svg
radford.svg,RAD.svg
rice.svg,RICE.svg
richmond.svg,RICH.svg
rider.svg,RID.svg
robert-morris.svg,RMU.svg
rutgers.svg,RUTG.svg
sacramento-state.svg,SAC.svg
samford.svg,SAM.svg
st.-bonaventure.svg,SBON.svg
south-carolina.svg,SCAR.svg
south-carolina-state.svg,SCST.svg
santa-clara.svg,SCU.svg
south-dakota.svg,SDAK.svg
south-dakota-state.svg,SDST.svg
san-diego-state.svg,SDSU.svg
seattle.svg,SEA.svg
southeast-missouri-state.svg,SEMO.svg
san-francisco.svg,SF.svg
stephen-f.-austin.svg,SFA.svg
st.-francis-(bkn).svg,SFNY.svg
st.-francis-(pa).svg,SFPA.svg
sam-houston-state.svg,SHSU.svg
sacred-heart.svg,SHU.svg
siena.svg,SIE.svg
southern-illinois.svg,SIU.svg
san-jose-state.svg,SJSU.svg
st.-john's.svg,SJU.svg
saint-louis.svg,SLU.svg
saint-mary's.svg,SMC.svg
smu.svg,SMU.svg
saint-peter's.svg,SPC.svg
stanford.svg,STAN.svg
stetson.svg,STET.svg
stony-brook.svg,STON.svg
southern-utah.svg,SUU.svg
syracuse.svg,SYR.svg
tcu.svg,TCU.svg
temple.svg,TEM.svg
tennessee.svg,TENN.svg
texas.svg,TEX.svg
tulsa.svg,TLSA.svg
tennessee-state.svg,TNST.svg
tennessee-tech.svg,TNTC.svg
toledo.svg,TOL.svg
towson.svg,TOWS.svg
troy.svg,TROY.svg
texas-tech.svg,TTU.svg
tulane.svg,TULN.svg
texas-am.svg,TXAM.svg
texas-southern.svg,TXSO.svg
texas-state.svg,TXST.svg
uab.svg,UAB.svg
arkansas-little-rock.svg,UALR.svg
uc-davis.svg,UCD.svg
ucf.svg,UCF.svg
uc-irvine.svg,UCI.svg
ucla.svg,UCLA.svg
uc-riverside.svg,UCRV.svg
uc-santa-barbara.svg,UCSB.svg
georgia.svg,UGA.svg
illinois-chicago.svg,UIC.svg
kentucky.svg,UK.svg
louisiana-lafayette.svg,ULL.svg
louisiana-monroe.svg,ULM.svg
umbc.svg,UMBC.svg
kansas-city.svg,UMKC.svg
north-carolina.svg,UNC.svg
unc-asheville.svg,UNCA.svg
unc-greensboro.svg,UNCG.svg
northern-colorado.svg,UNCO.svg
north-dakota.svg,UND.svg
north-florida.svg,UNF.svg
new-hampshire.svg,UNH.svg
northern-iowa.svg,UNI.svg
unlv.svg,UNLV.svg
new-mexico.svg,UNM.svg
new-orleans.svg,UNO.svg
north-texas.svg,UNT.svg
rhode-island.svg,URI.svg
south-alabama.svg,USA.svg
usc.svg,USC.svg
san-diego.svg,USD.svg
south-florida.svg,USF.svg
southern-miss.svg,USM.svg
st.-thomas-(mn).svg,UST.svg
utah-state.svg,USU.svg
texas-arlington.svg,UTA.svg
utah.svg,UTAH.svg
utep.svg,UTEP.svg
utsa.svg,UTSA.svg
virginia.svg,UVA.svg
vermont.svg,UVM.svg
utah-valley.svg,UVU.svg
valparaiso.svg,VALP.svg
vanderbilt.svg,VAN.svg
virginia-commonwealth.svg,VCU.svg
villanova.svg,VILL.svg
virginia-tech.svg,VT.svg
wagner.svg,WAG.svg
wake-forest.svg,WAKE.svg
washington.svg,WASH.svg
western-carolina.svg,WCU.svg
weber-state.svg,WEB.svg
wichita-state.svg,WICH.svg
wisconsin.svg,WIS.svg
western-illinois.svg,WIU.svg
western-kentucky.svg,WKU.svg
william--mary.svg,WM.svg
western-michigan.svg,WMU.svg
wofford.svg,WOF.svg
wright-state.svg,WRST.svg
washington-state.svg,WSU.svg
west-virginia.svg,WVU.svg
wyoming.svg,WYO.svg
xavier.svg,XAV.svg
yale.svg,YALE.svg
youngstown-state.svg,YSU.svg